blueprint_name,current_url_prefix,line_number,target_url_prefix,methods,owner_package,duplicate_flag
service_provider_bp,/v1/services,3961,/v1/services,,core,
service_connection_bp,/v1/services/connections,4267,/v1/services/connections,,core,
gateway_bp,/v1,4434,/v1,,gateway,
native_accounts_bp,/api/v1/native,4447,/api/v1/native,,core,
rotation_bp,,4468,,,?,
analysis_bp,/api/v1,4473,/api/v1,,screener,
sample_data_bp,/api/v1,4481,/api/v1,,screener,
stock_bp,/v1/stocks,4486,/v1/stocks,,screener,
scanner_bp,/v1/scanner,4491,/v1/scanner,,screener,
oi_analytics_bp,/v1/oi,4496,/v1/oi,,screener,
mf_bp,/api/v1,4501,/api/v1,,screener,
breadth_bp,/v1,4506,/v1,,screener,
action_center_bp,/api/v1/action-center,4524,/api/v1/action-center,,engine,
security_bp,/api/v1/security,4532,/api/v1/security,,core,
journal_bp,,4590,,,flinttrade_journal,
flows_bp,/api/v1/flows,4614,/api/v1/flows,,webhooks,
orderflow_bp,/api/v1,4619,/api/v1,,data,
ticks_bp,/api/v1/data/ticks,4625,/api/v1/data/ticks,,data,
tax_bp,/v1/tax,4630,/v1/tax,,data,
historify_bp,/v1/historify,4635,/v1/historify,,historical,
tv_bp,/v1/tv,4640,/v1/tv,,screener,
monitoring_bp,/api/v1,4646,/api/v1,,core,
frontend_errors_bp,/v1,4669,/v1,,core,
support_bp,/v1/support,4676,/v1/support,,core,
strategy_bp,/api/v1/strategies,4681,/api/v1/strategies,,engine,
order_analytics_bp,/api/v1,4747,/api/v1,,flinttrade_journal,
strategy_comparison_bp,/api/v1,4750,/api/v1,,backtest,
data_sandbox_bp,/v1/sandbox,4757,/v1/sandbox,,data,
admin_bp,/v1/admin,4908,/v1/admin,GET (dev-only),core,
infra_bp,/v1/admin,4912,/v1/admin,GET (dev-only),core,
create_backup_blueprint(workspace_dir=_workspace_dir()),,4916,,GET (dev-only),?,
create_analyzer_admin_blueprint(_api_analyzer_instance),/v1,4925,/v1,GET (dev-only),?,
create_rate_limit_admin_blueprint(_rate_limiter_instance),/v1,4937,/v1,GET (dev-only),?,
activity_bp,/api/v1/admin,4951,/api/v1/admin,,data,
indicators_bp,/api/v1,4957,/api/v1,,core,
advisor_bp,/api/v1,4961,/api/v1,,ai,
session_bp,/api/v1/ai/sessions,4975,/api/v1/ai/sessions,,ai,
skill_draft_bp,/api/v1/ai/skill-drafts,4992,/api/v1/ai/skill-drafts,,ai,
ai_bp,/api/v1,4996,/api/v1,,ai,
obsidian_bp,/api/v1,5000,/api/v1,,ai,
signal_bp,/api/v1/signals,5007,/api/v1/signals,,ai,
backtest_bp,/api/v1,5012,/api/v1,,core,
operations_bp,/api/v1,5016,/api/v1,,core,YES
orders_bp,/api/v1/orders,5024,/api/v1/orders,,core,
smart_order_bp,/api/v1/orders,5031,/api/v1/orders,,core,
agent_bp,/api/v1/ai/agent,5038,/api/v1/ai/agent,,core,
local_ai_bp,/v1/ai/local-runtime,5050,/v1/ai/local-runtime,,core,
team_bp,/api/v1/ai/team,5055,/api/v1/ai/team,,ai,
fundamental_bp,/api/v1/screener/fundamental,5060,/api/v1/screener/fundamental,,screener,
ipo_bp,/api/v1,5065,/api/v1,,screener,
earnings_bp,/api/v1/earnings,5072,/api/v1/earnings,,screener,
pivot_bp,/v1/pivots,5077,/v1/pivots,,screener,
economic_bp,/v1/economic,5082,/v1/economic,,screener,
audit_bp,/v1/audit,5087,/v1/audit,,data,
analytics_bp,/v1,5093,/v1,,screener,
telegram_bp,/api/v1,5098,/api/v1,,core,
expiry_tracker_bp,/api/v1,5103,/api/v1,,historical,
holidays_bp,/api/v1,5108,/api/v1,,historical,
intervals_bp,/api/v1,5113,/api/v1,,historical,
local_data_bp,/v1/historify,5119,/v1/historify,,historical,
instruments_bp,/api/v1,5124,/api/v1,,historical,
search_bp,/api/v1,5129,/api/v1,,historical,
capabilities_bp,/api/v1,5134,/api/v1,,gateway,
leverage_bp,/api/v1,5139,/api/v1,,engine,
chart_prefs_bp,/api/v1,5144,/api/v1,,core,
instrument_lots_bp,/api/v1,5150,/api/v1,,core,
bracket_bp,/api/v1/orders,5172,/api/v1/orders,,engine,
position_bp,/api/v1/position,5189,/api/v1/position,,engine,
voice_bp,/api/v1/voice/parse,5194,/api/v1/voice/parse,,webhooks,
questdb_bp,/api/v1/data/questdb,5199,/api/v1/data/questdb,,data,
excel_bp,/api/v1/integration/excel,5204,/api/v1/integration/excel,,webhooks,
webhook_bp,/v1/webhook,5249,/v1/webhook,,webhooks,
payoff_bp,/api/v1,5253,/api/v1,,screener,
health_bp,,5257,,,core,YES
optimiser_bp,/v1/portfolio,5263,/v1/portfolio,,backtest,
permutation_bp,/v1/backtest,5266,/v1/backtest,,backtest,
admin_action_center_bp,/admin/action-center,5270,/admin/action-center,,engine,
preset_bp,/api/v1/presets,5275,/api/v1/presets,,core,
log_stream_bp,/v1/logs,5280,/v1/logs,,core,
shortcuts_bp,/v1/shortcuts,5285,/v1/shortcuts,,core,
docs_search_bp,/v1/docs,5290,/v1/docs,,core,
_csp_report_bp,,5294,,,core,
auth_bp,/v1/auth,5302,/v1/auth,,core,
